sorteo,n1,n2,n3,n4,n5,n6
2086,2,7,9,34,42,43
2087,1,5,12,21,31,35
2088,4,8,24,29,36,40
2089,18,22,39,42,44,56
2090,2,4,25,33,44,50
2091,8,21,33,35,41,44
2092,8,12,31,33,46,55
2093,5,39,42,43,44,48
2094,4,18,23,31,41,44
2095,4,7,13,30,40,54
2096,7,15,27,31,32,56
2097,4,5,28,32,40,44
2098,4,9,22,33,38,45
2099,23,40,48,51,53,55
2100,9,21,28,36,38,53
2101,3,15,18,24,28,38
2102,12,22,24,25,29,53
2103,2,19,27,29,43,51
2104,10,16,21,25,36,43
2105,11,20,21,23,45,49
2106,19,26,28,32,48,49
2107,4,22,23,27,28,33
2108,9,10,11,33,50,55
2109,4,10,12,24,27,33
2110,7,26,30,33,40,42
2111,24,30,32,47,50,51
2112,16,19,37,42,43,50
2113,9,12,21,22,37,46
2114,3,16,27,33,34,43
2115,6,17,19,20,26,37
2116,5,34,43,45,49,52
2117,2,18,19,22,24,28
2118,4,13,14,34,35,41
2119,9,27,30,37,38,45
2120,8,10,12,28,37,56
2121,19,21,26,31,37,52
2122,16,31,32,35,39,49
2123,1,4,24,27,38,41
2124,4,11,22,36,41,50
2125,18,26,29,31,34,46
2126,12,13,28,35,52,54
2127,6,25,27,35,51,55
2128,6,25,32,34,41,56
2129,7,9,20,22,35,48
2130,21,23,32,35,37,51
2131,4,6,13,38,49,50
2132,25,29,37,38,39,55
2133,12,13,17,23,24,30
2134,16,19,20,24,27,47
2135,1,5,36,40,41,47
2136,4,6,8,10,23,44
2137,5,18,19,21,40,41
2138,5,6,22,42,45,52
2139,3,20,33,34,44,48
2140,1,11,23,38,41,44
2141,2,4,7,19,39,52
2142,3,6,20,28,52,53
2143,30,34,36,47,52,53
2144,4,7,23,33,42,45
2145,8,10,19,30,35,45
2146,7,24,25,26,51,55
2147,11,14,23,34,44,56
2148,10,19,32,45,46,49
2149,32,42,45,46,51,55
2150,10,14,15,25,28,48
2151,10,23,32,39,41,54
2152,25,32,38,45,50,52
2153,18,20,28,30,40,53
2154,23,26,43,49,53,54
2155,5,11,23,28,37,41
2156,14,23,25,30,39,41
2157,1,7,8,29,47,48
2158,1,7,16,17,19,41
2159,8,11,12,24,32,42
2160,21,27,29,31,42,53
2161,3,7,9,15,38,48
2162,40,48,50,51,53,55
2163,7,14,28,31,36,56
2164,6,20,35,41,43,48
2165,1,3,24,28,45,46
2166,12,13,15,37,50,56
2167,8,26,32,35,37,50
2168,5,6,39,46,48,54
2169,33,37,47,51,53,54
2170,1,12,28,29,43,50
2171,7,31,33,34,48,50
2172,12,26,32,35,37,43
2173,11,15,18,30,39,54
2174,7,17,21,30,32,50
2175,6,8,27,30,46,48
2176,3,15,19,36,43,51
2177,8,20,23,34,41,55
2178,13,17,27,40,47,56
2179,24,25,26,29,37,41
2180,4,10,17,22,31,55
2181,4,8,23,32,50,52
2182,5,10,12,29,37,51
2183,5,21,30,38,42,50
2184,7,19,38,50,51,52
2185,4,10,15,34,36,37
2186,8,10,11,16,32,53
2187,6,8,11,23,32,36
2188,2,20,23,43,46,54
2189,7,22,32,45,50,55
2190,2,6,9,44,53,54
2191,10,17,32,35,37,43
2192,1,7,15,27,29,39
2193,10,24,35,37,46,50
2194,18,25,27,29,41,45
2195,20,35,40,41,48,52
2196,3,9,22,47,52,56
2197,1,7,10,21,32,45
2198,3,31,33,43,47,50
2199,2,5,10,36,43,56
2200,6,28,33,42,44,49
2201,15,17,26,29,42,54
2202,4,6,24,38,39,49
2203,9,13,27,39,40,51
2204,17,20,21,23,30,38
2205,4,12,15,23,41,42
2206,4,5,6,33,36,46
2207,3,12,21,25,42,44
2208,2,4,6,14,45,54
2209,6,11,13,24,30,41
2210,2,10,13,17,22,26
2211,10,12,23,31,32,34
2212,7,14,19,42,48,53
2213,8,16,19,23,34,40
2214,7,13,14,15,29,44
2215,9,10,34,35,44,53
2216,17,24,25,26,33,38
2217,1,5,25,28,49,53
2218,6,7,21,25,36,49
2219,4,9,27,32,35,55
2220,2,10,11,28,36,55
2221,7,31,32,34,39,46
2222,11,17,22,33,36,44
2223,1,13,30,36,55,56
2224,3,25,31,35,43,54
2225,1,4,5,12,14,27
2226,8,21,26,29,36,46
2227,2,15,20,25,31,52
2228,1,2,14,18,19,37
2229,1,31,38,39,49,52
2230,10,11,28,33,42,56
2231,15,33,40,43,53,56
2232,14,19,26,39,48,50
2233,1,20,21,49,52,55
2234,2,9,15,17,51,53
2235,4,8,28,35,36,48
2236,2,30,35,39,43,52
2237,1,16,17,22,24,51
2238,6,16,21,26,50,55
2239,7,22,28,33,39,40
2240,2,6,27,30,47,55
2241,6,14,39,44,47,54
2242,3,10,16,19,45,49
2243,9,15,32,33,47,54
2244,1,26,34,46,55,56
2245,23,27,29,39,51,55
2246,8,16,21,27,48,56
2247,14,15,39,40,47,52
2248,16,22,29,34,37,52
2249,29,31,37,45,46,47
2250,4,8,16,29,42,51
2251,6,15,38,41,55,56
2252,6,15,17,40,43,46
2253,11,16,24,28,29,36
2254,17,25,31,36,42,43
2255,1,9,22,23,33,48
2256,2,17,30,40,48,51
2257,15,29,36,42,46,49
2258,6,14,25,26,34,35
2259,7,9,16,33,44,47
2260,2,9,22,25,27,31
2261,3,6,15,17,18,42
2262,3,12,30,33,34,53
2263,4,7,42,46,51,55
2264,1,14,33,45,49,55
2265,10,26,29,35,42,53
2266,12,13,19,25,41,52
2267,4,5,7,16,23,44
2268,3,5,7,16,25,49
2269,24,29,33,37,48,52
2270,13,21,25,40,44,45
2271,8,17,19,37,45,56
2272,13,22,25,40,55,56
2273,5,6,21,32,40,53
2274,22,23,33,42,43,55
2275,2,7,13,27,28,54
2276,6,24,30,33,36,43
2277,16,21,29,39,41,47
2278,2,3,15,43,46,49
2279,2,12,19,28,29,51
2280,12,27,29,38,43,51
2281,8,15,21,39,46,55
2282,11,27,37,41,48,50
2283,8,13,25,30,34,48
2284,3,22,23,25,36,45
2285,9,14,18,40,50,52
2286,13,15,26,30,37,43
2287,4,5,11,36,40,52
2288,4,12,14,20,24,38
2289,3,8,19,20,34,40
2290,6,16,26,43,50,52
2291,3,10,28,29,43,50
2292,4,8,13,16,22,23
2293,6,7,18,22,26,30
2294,3,13,19,35,42,55
2295,13,20,22,34,44,50
2296,28,35,37,41,42,55
2297,12,43,45,52,53,54
2298,13,15,35,36,38,52
2299,14,26,30,36,41,42
2300,6,24,34,38,44,49
2301,17,22,23,29,31,46
2302,1,4,13,45,51,55
2303,1,12,21,28,34,48
2304,21,30,31,41,52,54
2305,4,11,14,29,40,45
2306,13,19,25,33,41,52
2307,3,7,20,22,51,56
2308,5,7,17,20,26,51
2309,3,8,16,27,46,49
2310,18,29,34,40,49,55
2311,5,7,18,26,28,33
2312,4,11,17,28,40,46
2313,10,12,24,31,47,49
2314,15,17,28,35,41,49
2315,9,10,11,25,28,29
2316,35,37,44,45,47,56
2317,3,26,32,38,48,53
2318,23,24,29,39,43,45
2319,14,19,20,22,44,53
2320,10,14,28,30,36,40
2321,4,20,31,38,46,56
2322,9,12,17,25,28,37
2323,12,14,26,28,42,52
2324,21,22,33,37,39,54
2325,8,11,30,32,37,44
2326,8,9,16,41,46,54
2327,11,12,14,26,39,47
2328,1,28,38,46,49,50
2329,5,23,36,37,39,43
2330,2,22,32,42,45,56
2331,4,10,16,39,45,49
2332,1,20,21,36,40,47
2333,9,12,26,27,36,49
2334,20,26,30,32,43,56
2335,5,11,24,31,47,52
2336,6,13,14,15,49,54
2337,2,24,33,36,40,46
2338,20,24,25,33,50,54
2339,3,16,31,36,37,40
2340,2,9,13,15,16,38
2341,6,17,31,36,42,56
2342,4,17,18,31,52,55
2343,15,17,19,33,40,41
2344,3,25,30,33,36,46
2345,2,9,12,21,29,52
2346,3,7,14,20,23,54
2347,1,11,15,33,40,48
2348,16,18,19,21,31,38
2349,9,27,30,34,46,48
2350,10,11,24,42,45,53
2351,16,17,40,43,45,47
2352,2,17,26,36,50,54
2353,22,30,39,43,44,53
2354,2,15,23,26,29,30
2355,2,18,28,43,44,46
2356,9,14,18,38,43,45
2357,9,16,26,38,48,50
2358,4,28,31,32,40,42
2359,1,10,22,40,41,46
2360,1,9,10,35,42,54
2361,16,18,48,49,50,52
2362,9,11,14,24,40,54
2363,14,17,39,40,50,53
2364,6,12,22,28,37,50
2365,4,32,33,37,48,54
2366,7,25,29,38,39,54
2367,34,35,40,41,54,56
2368,4,6,11,22,35,47
2369,2,16,28,37,50,51
2370,10,18,21,37,38,39
2371,3,11,13,24,30,56
2372,3,19,26,35,51,52
2373,1,9,27,38,48,49
2374,8,21,25,45,52,54
2375,2,9,14,15,28,55
2376,13,25,26,35,36,50
2377,1,17,18,24,33,48
2378,5,9,15,17,23,43
2379,6,8,23,24,28,54
2380,24,27,34,36,39,55
2381,2,12,18,45,49,50
2382,4,13,18,24,32,50
2383,8,19,29,30,36,50
2384,6,13,16,19,41,56
2385,3,8,22,29,47,48
2386,9,12,17,20,23,38
2387,8,18,20,36,40,54
2388,12,16,33,37,41,43
2389,15,18,30,35,36,40
2390,6,8,9,23,36,47
2391,7,11,24,25,37,54
2392,1,11,15,28,34,56
2393,4,6,7,41,51,56
2394,2,13,14,24,34,55
2395,5,24,32,39,40,46
2396,26,28,35,43,49,50
2397,2,25,27,32,37,53
2398,14,31,36,42,50,54
2399,7,10,27,30,31,51
2400,1,15,16,23,44,53
2401,11,21,26,32,40,55
2402,8,13,15,20,28,35
2403,13,18,19,22,47,54
2404,6,11,14,20,44,55
2405,12,19,23,30,47,48
2406,26,27,35,36,38,51
2407,12,24,27,32,33,43
2408,8,13,19,33,40,54
2409,2,9,10,17,28,40
2410,1,15,24,36,47,49
2411,21,27,31,44,52,56
2412,7,8,14,30,43,46
2413,23,28,34,40,45,50
2414,15,18,40,42,51,54
2415,4,18,20,23,41,44
2416,8,22,30,49,50,53
2417,29,30,36,44,46,53
2418,1,8,14,34,37,47
2419,9,19,29,33,46,50
2420,4,5,13,19,25,52
2421,10,13,18,22,35,44
2422,9,11,23,33,45,56
2423,2,11,16,42,49,50
2424,1,11,14,38,41,43
2425,6,7,14,18,28,46
2426,1,11,24,31,34,47
2427,5,17,21,24,26,47
2428,4,16,33,43,46,48
2429,2,27,28,33,45,50
2430,14,15,17,18,33,38
2431,1,2,3,39,46,50
2432,13,16,26,34,35,52
2433,4,8,33,35,36,55
2434,5,6,26,33,35,38
2435,4,8,13,17,20,29
2436,7,9,19,26,31,44
2437,8,22,23,32,37,54
2438,3,5,15,25,36,41
2439,28,31,33,36,38,43
2440,5,14,18,27,53,55
2441,30,33,38,39,55,56
2442,16,22,40,42,44,53
2443,2,7,11,36,42,49
2444,1,6,29,31,35,37
2445,1,3,7,12,15,33
2446,9,15,22,26,46,47
2447,1,6,13,42,48,54
2448,7,16,18,23,35,48
2449,1,19,21,37,49,53
2450,4,13,14,42,45,56
2451,20,22,23,33,43,44
2452,2,17,23,24,51,55
2453,8,18,26,33,41,43
2454,7,11,14,21,52,56
2455,2,9,15,41,42,44
2456,18,39,40,50,54,56
2457,18,19,26,43,46,51
2458,7,10,40,42,50,53
2459,3,18,22,39,47,53
2460,4,10,18,23,40,48
2461,1,3,15,19,24,39
2462,5,41,45,51,52,53
2463,13,22,30,33,49,56
2464,18,25,30,34,36,47
2465,2,20,36,38,41,55
2466,2,11,17,25,49,52
2467,6,22,37,38,39,54
2468,5,32,40,41,43,44
2469,4,15,24,39,44,47
2470,2,9,35,40,49,55
2471,5,15,17,33,50,54
2472,4,16,29,37,48,56
2473,2,11,16,26,28,35
2474,13,21,26,29,43,46
2475,10,37,39,41,42,46
2476,9,13,23,26,27,29
2477,3,5,16,32,38,40
2478,1,13,14,22,30,43
2479,12,15,18,28,36,48
2480,30,36,46,52,53,54
2481,7,10,12,18,21,27
2482,2,5,19,47,50,52
2483,5,20,32,36,45,54
2484,12,24,28,40,49,53
2485,4,20,26,37,51,56
2486,26,40,43,44,51,55
2487,14,24,46,51,53,56
2488,13,22,34,42,44,48
2489,1,10,29,31,39,44
2490,14,24,26,31,44,56
2491,2,4,10,19,30,46
2492,5,24,27,32,33,36
2493,5,14,18,23,34,42
2494,3,20,31,51,52,54
2495,7,20,30,37,46,48
2496,5,9,18,19,27,51
2497,3,36,37,39,40,49
2498,4,25,39,41,46,49
2499,12,16,18,27,30,51
2500,1,13,17,51,53,55
2501,6,7,9,39,42,53
2502,7,9,10,15,39,44
2503,1,14,23,29,45,52
2504,7,18,23,27,45,54
2505,6,31,34,35,45,55
2506,8,9,28,34,42,49
2507,21,25,26,38,47,51
2508,2,5,16,32,46,50
2509,10,11,13,44,52,55
2510,3,12,18,27,34,48
2511,11,22,30,41,42,56
2512,2,19,23,29,43,45
2513,9,17,23,47,50,55
2514,10,15,19,26,38,44
2515,13,19,25,27,31,47
2516,1,6,27,31,45,49
2517,24,28,30,35,36,45
2518,9,20,36,51,53,54
2519,19,21,25,39,48,53
2520,12,22,26,42,53,56
2521,3,5,35,38,52,56
2522,3,12,19,31,37,49
2523,6,8,20,29,40,44
2524,2,5,20,24,36,37
2525,7,12,24,25,44,47
2526,2,29,34,39,49,54
2527,10,20,23,53,55,56
2528,26,28,33,44,46,54
2529,3,13,15,16,17,24
2530,7,10,18,20,42,48
2531,4,5,7,29,36,37
2532,14,15,28,31,40,50
2533,7,22,30,31,38,44
2534,6,28,36,38,39,41
2535,23,24,26,35,36,38
2536,6,9,16,26,51,54
2537,4,21,44,48,49,56
2538,10,36,42,50,51,55
2539,5,13,25,46,52,56
2540,13,20,23,33,39,51
2541,1,9,27,42,50,53
2542,1,3,12,29,50,52
2543,6,11,24,33,49,56
2544,7,9,14,24,48,56
2545,7,23,28,30,45,47
2546,11,14,25,29,53,55
2547,5,11,24,25,29,36
2548,8,18,25,28,29,30
2549,2,10,17,19,20,44
2550,2,4,6,18,42,51
2551,2,14,19,21,26,40
2552,19,24,29,39,49,51
2553,5,7,15,18,23,37
2554,4,8,15,29,30,52
2555,15,28,31,43,49,52
2556,5,9,25,36,40,48
2557,10,12,16,21,47,49
2558,3,9,37,39,40,54
2559,8,13,16,20,37,43
2560,2,6,8,12,31,49
2561,3,13,15,18,40,54
2562,1,16,31,35,45,46
2563,5,10,14,20,25,51
2564,4,20,22,41,49,51
2565,3,13,25,35,41,50
2566,4,22,26,27,37,41
2567,2,13,24,49,53,55
2568,15,23,37,40,48,49
2569,13,21,28,29,30,39
2570,3,23,36,39,41,48
2571,2,6,18,25,51,55
2572,1,27,34,41,50,56
2573,5,7,9,10,25,45
2574,19,24,25,27,30,36
2575,6,7,9,17,29,46
2576,5,21,32,34,41,53
2577,3,7,33,50,52,56
2578,9,28,31,39,47,52
2579,11,15,26,43,51,53
2580,3,18,22,23,25,37
2581,12,14,15,24,44,50
2582,3,5,10,12,20,37
2583,5,16,31,38,40,53
2584,15,20,29,50,53,56
2585,10,16,26,33,34,55
2586,8,21,24,33,34,40
2587,1,13,24,25,43,46
2588,4,11,16,17,20,45
2589,13,14,24,31,50,55
2590,4,16,26,31,33,36
2591,6,13,23,30,33,45
2592,13,18,20,34,51,55
2593,6,21,25,36,41,48
2594,12,13,17,26,41,55
2595,12,16,30,32,40,54
2596,11,13,22,26,36,48
2597,1,37,38,39,41,51
2598,3,5,11,30,35,50
2599,3,9,14,27,42,53
2600,10,27,40,53,55,56
2601,16,17,28,41,44,53
2602,14,26,39,41,44,48
2603,1,12,19,26,38,54
2604,4,15,17,21,35,37
2605,1,26,35,48,52,54
2606,9,20,45,54,55,56
2607,22,24,30,40,50,56
2608,7,15,16,21,36,39
2609,14,25,27,34,50,55
2610,1,9,20,28,33,44
2611,11,17,28,38,50,56
2612,2,7,16,25,33,54
2613,2,8,30,34,37,39
2614,1,11,18,22,26,30
2615,11,12,14,27,31,50
2616,5,8,16,32,44,45
2617,2,14,16,26,34,43
2618,10,19,25,35,44,56
2619,5,7,31,38,47,50
2620,5,9,11,17,33,34
2621,21,27,28,30,35,40
2622,14,22,43,48,55,56
2623,8,10,11,17,34,35
2624,2,12,22,33,35,44
2625,8,10,16,21,45,47
2626,5,15,18,21,42,56
2627,5,27,29,31,43,44
2628,2,13,33,36,38,43
2629,1,3,15,32,46,53
2630,9,16,24,28,43,55
2631,6,7,10,18,49,56
2632,8,15,20,31,38,54
2633,4,17,19,26,52,54
2634,21,23,28,46,47,53
2635,5,6,7,25,38,40
2636,15,29,33,38,48,54
2637,5,25,29,32,40,55
2638,17,20,33,42,43,52
2639,23,29,35,37,45,54
2640,3,26,31,38,49,56
2641,2,4,13,19,52,55
2642,1,4,15,23,33,47
2643,16,26,33,35,40,54
2644,1,4,11,26,44,47
2645,6,17,27,32,41,53
2646,9,15,16,24,33,50
2647,1,4,9,26,42,46
2648,11,12,21,39,40,45
2649,4,6,26,38,43,50
2650,1,12,16,18,35,48
2651,2,3,11,32,37,40
2652,1,7,23,25,44,55
2653,18,26,33,39,43,45
2654,2,4,41,48,49,52
2655,8,11,26,32,38,41
2656,4,14,20,34,39,40
2657,5,22,32,36,50,55
2658,8,18,23,29,30,37
2659,10,30,32,44,45,47
2660,21,29,31,42,46,49
2661,4,13,21,25,29,50
2662,3,10,26,42,43,50
2663,3,4,9,17,31,56
2664,9,11,23,25,33,42
2665,2,3,13,34,39,50
2666,2,19,26,32,33,49
2667,13,21,22,24,47,55
2668,1,12,20,35,46,47
2669,5,6,23,33,35,44
2670,5,11,25,26,30,35
2671,3,7,34,42,46,52
2672,9,12,17,24,29,54
2673,17,21,30,35,36,40
2674,3,12,17,38,39,48
2675,3,8,11,14,15,24
2676,4,27,42,46,50,53
2677,4,10,18,36,50,52
2678,5,7,17,24,35,56
2679,2,15,20,32,36,51
2680,4,12,18,22,30,43
2681,8,23,28,33,47,52
2682,7,15,19,40,46,54
2683,13,33,37,42,48,55
2684,3,17,26,28,31,32
2685,4,15,18,30,31,44
2686,10,16,19,37,48,56
2687,6,9,24,26,32,49
2688,1,5,6,8,15,29
2689,30,35,36,39,40,45
2690,12,13,35,42,46,49
2691,5,23,26,34,35,55
2692,3,8,11,37,40,53
2693,4,13,18,32,36,47
2694,14,21,25,30,34,56
2695,2,3,6,8,19,30
2696,25,28,31,41,43,53
2697,2,4,6,27,45,51
2698,7,11,13,21,34,50
2699,7,29,35,37,50,51
2700,12,18,23,25,38,40
2701,7,17,32,36,38,39
2702,9,10,11,16,26,29
2703,21,25,27,36,40,55
2704,2,11,16,23,24,31
2705,17,18,30,39,45,46
2706,5,24,30,35,43,48
2707,17,25,31,32,37,56
2708,4,7,28,29,50,53
2709,3,12,14,16,27,56
2710,19,21,24,26,45,50
2711,8,15,19,25,26,27
2712,1,19,30,43,45,46
2713,1,12,44,46,51,55
2714,18,23,38,40,43,52
2715,5,11,13,17,21,35
2716,6,8,13,19,21,25
2717,8,9,16,40,41,46
2718,16,21,33,34,39,45
2719,3,17,24,30,34,46
2720,2,24,27,32,42,52
2721,1,10,13,24,30,40
2722,4,22,29,33,46,52
2723,2,32,37,39,48,52
2724,2,13,19,30,38,56
2725,7,18,19,38,50,56
2726,4,7,8,12,25,50
2727,8,19,40,42,50,52
2728,17,21,23,32,34,45
2729,2,10,34,36,42,50
2730,17,23,32,34,40,41
2731,15,19,29,50,51,53
2732,14,17,18,39,46,53
2733,7,18,23,24,31,56
2734,5,26,27,30,44,51
2735,1,26,33,34,44,45
2736,7,17,18,29,33,52
2737,1,11,14,22,27,34
2738,11,12,28,30,50,54
2739,10,14,36,49,51,54
2740,3,9,21,27,46,48
2741,3,4,13,22,27,29
2742,25,33,34,50,52,53
2743,14,23,26,31,37,45
2744,4,5,20,36,41,53
2745,15,19,21,24,38,48
2746,2,21,27,29,33,47
2747,3,4,15,26,42,47
2748,24,33,36,43,48,52
2749,1,2,4,22,36,37
2750,14,24,46,54,55,56
2751,2,21,24,32,37,47
2752,7,10,14,22,39,54
2753,17,26,28,31,37,47
2754,8,10,23,26,44,56
2755,4,12,16,20,22,47
2756,12,19,33,34,41,55
2757,32,34,35,36,50,55
2758,9,22,44,45,48,49
2759,11,13,19,25,36,37
2760,1,5,20,27,35,54
2761,24,32,39,43,47,51
2762,5,15,17,22,38,46
2763,17,18,31,39,47,54
2764,8,9,17,34,38,53
2765,23,25,26,28,55,56
2766,8,24,30,31,43,44
2767,3,4,7,24,28,56
2768,6,13,27,46,52,55
2769,20,30,35,40,41,45
2770,5,25,32,35,40,51
2771,4,5,14,39,42,45
2772,8,17,20,22,28,44
2773,13,19,21,25,54,56
2774,5,25,26,29,32,37
2775,3,20,22,31,43,52
2776,1,26,39,40,41,52
2777,16,19,28,34,48,49
2778,4,10,13,31,38,54
2779,14,16,17,31,48,56
2780,2,3,15,16,26,47
2781,6,26,29,41,46,48
2782,18,20,27,38,47,54
2783,6,7,15,23,31,46
2784,19,29,33,34,43,46
2785,13,20,35,36,37,52
2786,4,23,28,44,45,48
2787,16,24,27,29,35,53
2788,6,12,13,24,36,53
2789,16,24,47,50,52,55
2790,1,16,45,46,53,54
2791,1,7,16,22,34,55
2792,3,4,15,18,21,34
2793,16,22,27,28,30,49
2794,7,10,28,33,41,45
2795,24,28,30,32,37,47
2796,4,41,45,52,53,55
2797,17,29,31,35,46,54
2798,2,13,16,29,45,49
2799,8,24,27,38,51,52
2800,7,17,22,32,42,53
2801,5,13,21,43,45,53
2802,2,6,27,41,44,46
2803,7,25,29,35,43,54
2804,12,22,37,39,46,49
2805,4,19,32,35,42,56
2806,10,19,27,42,46,54
2807,4,38,43,47,50,53
2808,22,23,40,50,52,56
2809,2,24,33,45,49,51
2810,24,28,32,36,40,52
2811,6,12,25,31,37,42
2812,5,18,20,32,33,49
2813,2,21,24,28,29,53
2814,10,12,31,32,38,42
2815,4,21,22,33,34,50
2816,3,16,17,18,36,43
2817,16,18,20,25,47,55
2818,3,11,32,40,41,47
2819,8,16,18,19,33,45
2820,3,4,11,12,36,53
2821,3,32,35,36,43,56
2822,4,32,33,35,39,42
2823,1,17,34,38,48,54
2824,3,12,25,33,39,51
2825,17,36,40,42,48,50
2826,1,6,21,25,48,55
2827,1,5,16,20,31,52
2828,10,20,28,42,44,51
2829,27,32,36,39,43,46
2830,18,25,30,41,49,56
2831,18,22,25,45,49,52
2832,4,6,9,25,38,55
2833,13,23,26,37,51,54
2834,4,20,35,36,38,56
2835,1,4,17,31,43,56
2836,1,7,22,28,49,55
2837,8,13,31,36,41,54
2838,4,30,31,33,51,54
2839,13,23,26,39,47,48
2840,2,15,31,40,45,49
2841,17,18,37,38,43,52
2842,1,12,14,18,39,40
2843,2,6,7,25,29,34
2844,28,30,35,43,47,50
2845,9,33,37,45,48,52
2846,1,3,4,10,17,56
2847,15,24,30,40,52,55
2848,35,39,44,48,53,56
2849,3,20,28,32,49,52
2850,7,13,17,22,29,52
2851,2,9,13,16,17,23
2852,1,2,4,10,37,55
2853,8,28,39,44,47,55
2854,6,10,32,39,42,46
2855,12,28,37,43,45,52
2856,25,26,34,35,42,46
2857,22,26,40,45,52,53
2858,8,17,18,25,35,37
2859,5,6,9,10,16,36
2860,3,19,26,29,37,40
2861,2,18,22,40,46,52
2862,21,29,35,38,44,45
2863,7,23,26,30,44,56
2864,3,5,23,30,48,49
2865,15,25,29,33,34,36
2866,4,11,15,16,33,44
2867,6,26,31,41,42,56
2868,15,25,33,42,49,51
2869,14,15,17,36,39,54
2870,9,14,17,37,43,47
2871,4,11,29,30,36,54
2872,21,27,30,32,36,42
2873,5,6,20,31,41,49
2874,9,18,24,38,49,53
2875,4,13,14,23,30,55
2876,7,29,31,37,39,54
2877,3,16,21,25,29,43
2878,2,4,13,24,31,42
2879,14,20,36,44,47,56
2880,6,11,12,34,50,53
2881,17,20,23,25,41,55
2882,17,41,43,50,52,53
2883,2,10,30,36,37,47
2884,2,20,25,43,45,50
2885,15,27,34,35,36,48
2886,5,18,20,36,45,55
2887,14,20,32,39,41,46
2888,1,4,34,42,43,45
2889,4,29,31,33,37,51
2890,1,16,22,25,43,51
2891,19,28,29,43,48,53
2892,5,12,16,17,29,34
2893,6,12,24,41,47,55
2894,8,13,18,20,46,53
2895,16,18,22,37,45,46
2896,3,9,12,19,25,47
2897,8,16,28,30,31,44
2898,1,2,9,34,35,49
2899,14,18,27,28,42,51
2900,7,20,21,29,38,49
2901,3,15,19,37,42,44
2902,8,24,30,36,38,50
2903,10,21,23,35,37,53
2904,13,17,20,30,49,53
2905,3,12,16,40,42,53
2906,1,15,32,34,36,47
2907,20,22,25,27,30,38
2908,1,12,19,20,42,49
2909,18,33,36,37,46,49
2910,3,27,28,31,41,46
2911,1,5,14,36,48,51
2912,5,8,43,44,51,56
2913,25,31,34,36,37,45
2914,5,6,7,9,39,43
2915,7,31,32,34,38,49
2916,6,25,30,38,44,50
2917,5,25,27,31,45,47
2918,21,37,39,51,55,56
2919,13,14,37,39,43,46
2920,19,23,29,32,41,48
2921,23,30,32,38,48,54
2922,2,14,15,19,36,40
2923,1,6,10,16,29,33
2924,5,11,15,30,42,54
2925,13,20,22,26,31,56
2926,12,35,37,39,44,46
2927,2,9,14,20,24,38
2928,4,11,22,26,42,51
2929,3,8,13,21,23,31
2930,5,7,24,36,42,43
2931,32,42,43,44,45,56
2932,15,16,18,25,28,44
2933,1,8,12,27,36,51
2934,1,4,14,27,39,44
2935,13,15,17,39,45,46
2936,2,16,19,20,23,55
2937,11,21,28,31,35,49
2938,2,13,15,32,39,43
2939,3,37,38,39,55,56
2940,5,8,17,42,47,51
2941,16,28,29,43,50,54
2942,17,21,36,44,45,53
2943,3,4,26,27,35,36
2944,26,33,35,43,49,54
2945,13,21,22,23,25,51
2946,11,21,23,35,48,50
2947,8,18,22,30,33,52
2948,4,8,27,30,36,53
2949,7,14,20,22,37,44
2950,10,19,29,33,40,53
2951,13,16,26,33,39,54
2952,5,10,12,16,17,54
2953,7,8,25,28,50,54
2954,14,16,36,47,51,53
2955,9,12,40,46,47,50
2956,8,9,12,20,31,48
2957,17,19,37,48,51,52
2958,3,25,28,30,36,55
2959,15,19,22,24,50,51
2960,6,9,11,15,34,53
2961,1,7,13,15,38,41
2962,5,21,24,30,31,39
2963,7,8,29,33,51,55
2964,4,5,6,19,42,47
2965,3,12,34,35,36,39
2966,5,18,25,27,42,48
2967,13,24,32,36,38,53
2968,2,6,7,19,30,50
2969,1,26,32,41,46,49
2970,5,10,12,19,21,55
2971,14,21,22,27,37,54
2972,8,13,17,38,48,50
2973,2,9,11,28,48,51
2974,1,3,6,9,16,31
2975,12,20,29,45,46,52
2976,10,12,24,30,32,49
2977,2,21,30,39,40,41
2978,7,14,16,22,35,56
2979,8,10,24,31,37,38
2980,7,8,11,31,55,56
2981,6,7,20,29,44,47
2982,18,27,34,38,45,47
2983,21,26,33,40,42,46
2984,1,14,27,28,34,38
2985,8,18,20,26,37,52
2986,18,32,39,40,50,54
2987,1,14,31,32,37,51
2988,2,5,20,21,32,33
2989,4,5,15,24,32,39
2990,6,19,26,37,39,55
2991,18,38,40,44,51,53
2992,3,16,25,52,54,55
2993,14,19,22,23,25,28
2994,11,13,23,35,47,53
2995,2,15,17,40,45,49
2996,10,18,25,26,39,46
2997,18,22,24,37,46,51
2998,9,21,28,29,42,51
2999,1,28,41,43,48,50
3000,14,36,42,49,50,52
3001,4,12,21,51,53,56
3002,14,18,20,22,23,30
3003,19,32,35,46,50,51
3004,11,15,16,29,44,47
3005,9,40,41,43,44,50
3006,21,22,32,45,50,51
3007,6,10,25,40,46,56
3008,17,23,30,38,53,56
3009,2,12,17,26,44,49
3010,6,19,21,25,39,43
3011,9,19,25,26,38,53
3012,3,24,31,32,41,45
3013,9,15,26,30,36,39
3014,5,11,17,24,49,53
3015,9,18,33,35,53,54
3016,10,26,37,41,42,46
3017,11,14,26,29,38,50
3018,13,17,19,22,38,46
3019,5,23,36,46,47,56
3020,1,26,32,39,47,53
3021,9,11,21,46,54,55
3022,2,4,30,36,41,47
3023,6,10,18,24,48,56
3024,1,2,5,40,47,49
3025,5,15,29,38,46,53
3026,7,23,24,27,31,56
3027,5,11,16,26,34,55
3028,12,14,29,31,36,45
3029,13,15,32,34,36,38
3030,8,21,28,51,53,55
3031,13,15,30,33,47,50
3032,18,24,25,30,40,43
3033,17,32,34,38,49,53
3034,14,17,19,26,27,35
3035,8,29,32,39,43,44
3036,28,29,38,43,51,55
3037,21,23,32,37,44,55
3038,4,8,17,24,43,44
3039,35,36,37,40,46,54
3040,6,9,15,17,23,37
3041,25,27,30,39,40,50
3042,11,20,31,34,46,55
3043,2,18,19,21,35,54
3044,6,14,20,40,47,50
3045,11,28,32,40,43,47
3046,2,7,16,39,46,50
3047,2,6,9,15,32,34
3048,3,6,8,14,53,56
3049,2,33,37,38,39,50
3050,3,15,27,28,37,49
3051,32,44,46,47,51,54
3052,16,22,37,43,45,53
3053,4,21,25,44,46,51
3054,9,15,27,29,45,52
3055,2,26,43,46,47,51
3056,17,26,35,40,48,51
3057,15,24,26,44,49,53
3058,3,10,24,31,33,48
3059,13,15,16,26,38,50
3060,4,7,17,26,29,42
3061,8,9,37,40,43,45
3062,10,11,13,38,40,52
3063,4,27,29,40,47,53
3064,5,13,39,48,51,52
3065,2,15,16,18,48,55
3066,2,12,34,37,42,48
3067,4,17,32,33,44,49
3068,4,28,33,42,46,47
3069,10,11,14,26,33,42
3070,6,23,38,44,47,56
3071,8,17,25,40,51,53
3072,1,22,26,30,39,50
3073,6,11,22,27,33,51
3074,6,28,34,46,47,54
3075,1,2,28,32,35,42
3076,9,13,19,20,29,46
3077,13,22,27,39,45,51
3078,8,10,18,23,34,53
3079,3,12,27,28,49,55
3080,14,15,25,33,46,50
3081,6,20,32,50,51,55
3082,14,17,22,44,47,51
3083,5,26,27,29,41,54
3084,2,3,4,39,40,45
3085,11,19,31,34,46,55
3086,5,16,30,40,50,52
3087,10,11,24,29,40,48
3088,5,10,15,41,45,48
3089,12,15,16,18,41,47
3090,6,28,32,36,44,56
3091,16,23,24,27,32,46
3092,8,13,16,29,33,35
3093,6,9,12,36,39,49
3094,20,25,38,39,41,44
3095,12,26,27,28,36,37
3096,3,4,12,23,42,51
3097,9,24,32,36,37,56
3098,4,7,23,29,38,52
3099,16,20,21,31,39,54
3100,1,3,6,43,51,55
3101,5,11,31,37,40,55
3102,4,8,10,22,27,44
3103,6,19,20,26,38,43
3104,8,20,27,30,50,55
3105,19,20,32,37,39,47
3106,4,20,26,28,36,40
3107,15,16,21,35,46,56
3108,9,10,41,44,51,56
3109,10,13,22,24,30,35
3110,10,17,18,24,28,38
3111,3,8,17,24,43,44
3112,16,17,25,33,42,56
3113,2,13,15,22,28,34
3114,1,28,32,47,49,56
3115,24,28,40,41,47,53
3116,14,19,22,31,35,53
3117,2,4,9,11,27,29
3118,5,32,37,44,47,49
3119,14,15,22,32,47,53
3120,5,9,18,41,46,53
3121,3,7,12,13,28,37
3122,5,23,29,43,49,54
3123,7,14,30,34,37,56
3124,5,13,16,18,21,23
3125,17,27,30,40,51,55
3126,10,13,30,31,37,48
3127,12,15,21,25,40,54
3128,10,17,39,47,52,56
3129,17,24,29,33,35,39
3130,13,16,21,24,39,55
3131,10,30,31,32,37,46
3132,8,19,21,23,33,39
3133,7,11,26,31,51,55
3134,2,13,40,49,50,56
3135,5,16,34,45,50,51
3136,3,5,19,36,46,51
3137,4,11,40,45,51,53
3138,8,16,23,31,38,44
3139,5,19,30,39,42,44
3140,11,17,25,41,44,56
3141,2,6,8,52,53,55
3142,2,6,32,36,42,56
3143,15,28,29,40,44,45
3144,3,4,12,16,28,33
3145,12,25,26,36,39,53
3146,14,15,17,35,36,42
3147,13,19,33,35,37,55
3148,1,11,17,21,40,46
3149,3,4,27,32,42,47
3150,10,16,20,47,52,53
3151,2,3,5,17,47,48
3152,3,5,7,20,38,55
3153,2,34,37,38,46,48
3154,5,23,27,38,40,48
3155,8,25,30,34,38,43
3156,1,17,20,43,48,51
3157,1,2,5,15,38,48
3158,15,19,24,29,32,34
3159,9,18,19,24,43,51
3160,7,14,23,33,34,35
3161,1,9,22,23,29,39
3162,5,13,16,24,30,38
3163,15,19,21,36,42,50
3164,16,36,37,41,49,54
3165,3,6,18,35,46,48
3166,2,17,22,27,45,49
3167,11,26,29,39,42,53
3168,3,8,9,16,36,52
3169,6,11,13,25,34,46
3170,6,12,37,44,45,51
3171,18,19,37,47,48,53
3172,1,5,10,12,21,22
3173,9,27,28,37,45,49
3174,4,11,24,33,37,55
3175,3,14,20,28,37,56
3176,6,9,12,41,44,56
3177,12,27,35,36,37,46
3178,1,6,32,35,47,50
3179,9,28,35,39,43,48
3180,15,19,20,27,38,39
3181,4,6,9,20,34,49
3182,7,8,16,17,28,53
3183,14,20,34,47,48,49
3184,7,22,27,39,43,46
3185,10,15,20,46,54,55
3186,6,25,26,28,35,37
3187,6,7,13,18,19,30
3188,11,12,28,36,47,52
3189,17,18,26,27,36,37
3190,16,18,25,40,52,54
3191,2,7,25,30,41,52
3192,10,12,13,29,51,56
3193,13,21,29,30,46,52
3194,15,18,24,25,39,44
3195,8,27,32,40,45,56
3196,1,7,11,14,18,26
3197,12,19,33,34,45,53
3198,26,29,30,35,48,52
3199,7,17,27,35,49,50
3200,16,22,24,25,28,46
3201,4,9,12,16,21,30
3202,4,7,23,25,31,34
3203,2,22,31,40,45,50
3204,8,14,21,32,38,45
3205,7,8,26,44,53,55
3206,11,12,16,25,28,41
3207,16,17,27,30,48,56
3208,13,15,26,29,30,47
3209,3,4,16,33,39,46
3210,2,5,13,21,23,25
3211,9,13,24,33,49,50
3212,2,6,23,40,48,56
3213,13,39,45,48,53,55
3214,1,9,12,13,40,52
3215,1,12,17,21,42,48
3216,26,36,37,50,55,56
3217,2,17,27,37,38,46
3218,17,24,28,35,42,47
3219,12,18,37,44,46,51
3220,18,24,32,35,37,49
3221,9,13,29,31,45,48
3222,2,12,21,32,37,52
3223,5,7,12,24,28,36
3224,9,21,42,43,51,52
3225,2,9,22,26,34,55
3226,10,21,28,46,49,54
3227,7,10,40,42,43,56
3228,3,17,23,25,48,54
3229,3,5,7,34,48,50
3230,9,23,24,25,29,32
3231,3,8,13,15,40,44
3232,8,18,23,27,31,52
3233,5,16,22,32,37,50
3234,11,12,23,37,42,45
3235,4,6,24,33,42,43
3236,10,19,20,21,22,53
3237,9,14,27,31,49,50
3238,9,16,20,38,39,49
3239,13,17,29,30,36,44
3240,6,8,9,10,36,41
3241,1,5,8,38,42,46
3242,10,37,38,43,44,45
3243,1,2,4,10,34,55
3244,22,31,33,34,39,53
3245,5,11,31,35,36,48
3246,14,28,32,52,53,55
3247,31,44,45,47,48,56
3248,21,26,29,37,38,42
3249,12,19,22,34,41,55
3250,13,15,17,18,21,26
3251,22,30,37,41,54,56
3252,5,44,45,51,54,55
3253,2,10,16,23,28,48
3254,3,7,17,27,28,47
3255,2,3,5,31,32,50
3256,7,8,14,28,29,30
3257,4,23,25,34,48,51
3258,5,17,18,24,26,54
3259,13,22,24,29,46,48
3260,9,14,16,38,50,53
3261,7,9,15,30,42,45
3262,18,20,33,34,50,52
3263,2,22,23,36,47,50
3264,3,12,22,38,52,54
3265,17,18,31,34,38,53
3266,2,26,28,31,53,56
3267,6,24,39,43,50,55
3268,2,9,11,13,17,21
3269,5,7,23,30,35,47
3270,2,6,20,37,46,48
3271,2,21,22,34,48,51
3272,13,14,18,21,31,40
3273,5,9,10,20,32,43
3274,5,7,15,20,35,56
3275,14,29,38,41,47,49
3276,2,19,24,38,44,51
3277,1,26,32,42,47,48
3278,3,19,26,38,40,56
3279,4,7,11,33,50,54
3280,6,10,12,21,34,44
3281,4,8,13,16,23,24
3282,1,5,17,41,42,55
3283,5,8,20,29,31,52
3284,5,11,17,32,46,53
3285,4,17,21,24,50,53
3286,9,23,26,29,37,38
3287,19,27,32,34,46,50
3288,5,9,10,24,39,51
3289,5,18,21,34,49,54
3290,1,9,16,19,21,38
3291,20,27,33,40,48,54
3292,10,26,45,48,49,55
3293,17,29,36,49,55,56
3294,10,14,19,30,41,51
3295,1,15,20,29,42,52
3296,4,17,27,37,40,49
3297,4,5,12,42,48,49
3298,6,12,14,29,30,49
3299,27,30,31,39,41,42
3300,25,27,36,43,45,56
3301,8,17,26,35,52,55
3302,4,7,15,16,29,48
3303,1,11,43,44,53,56
3304,7,13,17,22,29,43
3305,10,18,25,26,40,41
3306,8,21,22,43,47,49
3307,5,22,25,34,40,51
3308,14,18,24,31,55,56
3309,5,6,19,39,52,53
3310,9,10,13,16,27,31
3311,5,6,15,16,37,52
3312,22,28,42,46,52,54
3313,14,17,21,27,49,54
3314,13,15,17,38,39,40
3315,6,7,15,28,34,55
3316,3,32,33,38,42,55
3317,2,4,16,50,52,56
3318,4,14,26,40,46,48
3319,11,20,23,32,41,48
3320,7,8,14,17,27,30
3321,12,16,25,44,47,49
3322,1,10,12,23,40,52
3323,29,32,36,37,41,46
3324,21,32,33,41,45,55
3325,12,13,35,36,47,49
3326,7,29,34,36,45,51
3327,3,16,31,32,40,50
3328,6,7,19,28,48,53
3329,4,19,32,38,44,51
3330,24,26,27,35,46,56
3331,2,4,22,33,39,51
3332,11,14,15,40,53,54
3333,24,25,31,35,38,42
3334,2,14,16,21,39,43
3335,15,21,35,37,38,52
3336,10,32,37,40,42,45
3337,10,21,24,31,39,51
3338,4,24,34,38,40,55
3339,1,4,8,16,35,36
3340,6,8,9,24,27,43
3341,3,19,33,36,43,49
3342,4,11,14,18,21,29
3343,2,14,15,22,35,44
3344,13,18,20,47,48,49
3345,1,24,30,35,39,51
3346,12,21,24,35,39,48
3347,3,10,22,32,36,44
3348,13,23,33,36,40,50
3349,5,8,9,15,40,44
3350,1,4,14,18,27,36
3351,11,13,16,19,25,28
3352,5,7,17,23,34,50
3353,18,38,47,49,50,52
3354,1,2,7,8,11,52
3355,2,10,18,27,30,45
3356,12,23,29,32,45,46
3357,3,21,27,38,44,46
3358,2,4,5,13,28,41
3359,21,30,42,46,47,55
3360,3,15,27,37,40,50
3361,18,21,22,33,35,54
3362,7,14,15,19,39,52
3363,2,4,30,34,42,48
3364,2,17,27,30,43,44
3365,5,15,37,40,42,46
3366,10,21,29,30,49,50
3367,1,12,14,30,32,50
3368,7,26,29,45,51,56
3369,2,7,12,18,28,30
3370,26,33,34,41,53,56
3371,4,10,20,24,28,40
3372,17,33,39,45,47,54
3373,6,7,22,26,37,45
3374,9,22,33,38,50,52
3375,8,11,28,30,41,52
3376,1,17,35,36,37,52
3377,6,14,20,27,49,55
3378,6,29,34,42,46,47
3379,5,17,23,38,40,51
3380,4,6,31,34,37,54
3381,7,8,18,25,49,54
3382,19,28,39,41,47,48
3383,18,24,26,35,36,50
3384,8,11,35,36,53,56
3385,1,8,16,25,39,50
3386,4,7,11,30,46,48
3387,5,13,21,23,38,41
3388,9,19,21,35,46,50
3389,5,7,8,14,24,29
3390,6,14,20,34,55,56
3391,31,33,38,42,45,55
3392,11,19,23,26,32,33
3393,11,15,24,25,48,50
3394,3,21,27,35,45,54
3395,6,15,21,29,31,38
3396,21,24,31,32,40,45
3397,8,39,48,51,52,54
3398,8,16,18,20,28,49
3399,23,39,42,45,46,54
3400,15,20,24,33,40,49
3401,3,7,21,31,34,51
3402,1,10,23,32,36,49
3403,14,21,26,40,42,56
3404,3,4,9,26,35,37
3405,9,18,34,42,43,46
3406,4,27,35,44,49,52
3407,2,18,20,34,49,52
3408,5,30,32,42,44,50
3409,22,33,36,39,43,50
3410,8,10,15,26,28,36
3411,14,16,19,32,53,56
3412,5,6,10,33,34,43
3413,5,7,12,33,34,48
3414,3,5,7,27,29,52
3415,11,19,26,37,40,44
3416,8,10,22,25,36,53
3417,1,23,31,47,48,54
3418,2,18,20,26,44,49
3419,1,10,17,30,47,54
3420,14,22,23,37,45,51
3421,1,22,23,29,32,36
3422,1,2,12,39,51,55
3423,14,21,38,41,42,46
3424,2,12,28,35,45,46
3425,3,6,7,34,43,53
3426,8,10,27,34,45,56
3427,1,3,5,24,37,53
3428,3,12,13,14,41,46
3429,1,14,24,30,45,50
3430,3,28,35,36,45,51
3431,1,13,31,33,38,48
3432,7,23,26,34,36,51
3433,1,28,32,40,49,55
3434,7,23,29,36,44,53
3435,1,17,19,33,39,42
3436,8,14,26,51,54,56
3437,2,8,14,24,27,46
3438,6,15,18,29,34,49
3439,2,5,21,25,38,39
3440,24,28,31,50,55,56
3441,3,18,19,36,42,52
3442,4,9,41,44,51,53
3443,12,15,24,27,29,35
3444,8,13,29,44,45,46
3445,4,6,17,37,47,49
3446,3,6,19,20,39,45
3447,9,13,15,17,45,50
3448,2,44,49,50,54,55
3449,11,25,35,44,46,49
3450,16,26,32,38,44,50
3451,26,30,35,44,45,48
3452,6,16,21,24,28,37
3453,3,6,15,18,26,39
3454,8,14,24,45,51,54
3455,12,14,35,39,49,52
3456,7,8,20,21,50,52
3457,2,7,16,19,34,49
3458,4,9,13,37,41,51
3459,4,28,33,45,46,47
3460,3,5,9,33,43,54
3461,3,12,13,38,40,44
3462,17,26,28,44,50,52
3463,5,21,24,36,52,53
3464,4,5,12,43,50,54
3465,6,11,30,35,47,52
3466,5,30,40,43,50,55
3467,2,10,22,29,31,49
3468,4,8,22,26,43,45
3469,2,3,8,14,29,33
3470,2,16,30,48,49,54
3471,23,27,35,53,54,55
3472,1,22,29,31,49,51
3473,3,5,16,17,35,44
3474,2,25,26,38,50,54
3475,7,19,23,30,41,51
3476,9,15,17,20,22,26
3477,1,7,22,34,36,41
3478,7,13,21,22,28,30
3479,7,17,32,35,46,56
3480,15,23,30,36,40,42
3481,3,4,18,19,40,45
3482,1,20,30,42,45,50
3483,5,14,21,45,50,55
3484,17,35,38,40,44,52
3485,6,14,15,23,39,40
3486,9,23,31,33,54,56
3487,1,13,24,25,41,49
3488,5,20,24,29,32,34
3489,14,18,19,22,32,50
3490,6,9,28,29,33,54
3491,17,21,24,25,33,48
3492,10,18,24,34,47,48
3493,18,22,28,29,39,55
3494,5,12,31,41,43,54
3495,1,7,9,23,51,55
3496,21,27,36,41,47,53
3497,1,15,23,26,43,54
3498,9,25,30,34,43,54
3499,3,6,17,31,38,52
3500,18,26,31,38,50,55
3501,3,15,19,24,40,54
3502,8,16,33,37,44,52
3503,11,19,23,28,39,50
3504,21,28,39,41,42,49
3505,11,30,43,44,50,56
3506,4,8,36,40,45,50
3507,6,18,34,37,48,52
3508,6,8,10,23,33,35
3509,6,25,36,49,54,55
3510,20,26,32,33,48,55
3511,5,18,20,22,43,56
3512,1,25,39,43,49,56
3513,12,27,32,35,44,51
3514,4,31,42,45,49,50
3515,3,4,14,24,38,42
3516,18,19,27,36,38,40
3517,5,12,23,28,31,33
3518,9,28,31,37,44,55
3519,24,33,38,42,50,51
3520,6,14,24,32,37,50
3521,4,27,37,47,49,51
3522,5,15,17,23,49,56
3523,17,28,29,31,41,51
3524,17,19,30,32,45,48
3525,7,21,38,46,48,52
3526,17,28,31,32,41,47
3527,7,15,33,46,53,55
3528,6,10,15,28,40,51
3529,1,3,31,33,37,53
3530,10,31,33,40,43,45
3531,1,15,19,20,46,48
3532,3,5,17,18,40,51
3533,3,9,21,32,35,53
3534,5,20,22,25,29,31
3535,12,14,31,33,35,36
3536,5,42,47,48,50,56
3537,8,13,29,43,54,56
3538,8,13,15,18,47,55
3539,13,14,15,39,43,53
3540,10,15,20,23,54,56
3541,3,15,17,25,35,36
3542,16,20,35,40,42,54
3543,2,21,23,37,40,42
3544,12,17,39,40,46,49
3545,1,8,11,23,32,47
3546,13,18,29,33,44,55
3547,2,17,23,45,46,48
3548,2,13,28,30,37,44
3549,2,10,11,33,35,48
3550,8,10,14,23,25,35
3551,1,7,11,16,37,42
3552,8,13,17,41,43,49
3553,1,8,13,20,53,56
3554,2,9,20,23,46,52
3555,4,14,26,31,50,52
3556,2,12,27,32,41,52
3557,8,22,34,43,50,54
3558,1,4,10,14,21,37
3559,2,7,18,42,45,53
3560,17,24,37,42,47,53
3561,1,2,29,31,41,54
3562,14,18,21,31,40,50
3563,25,27,28,30,52,54
3564,7,13,14,36,44,45
3565,11,29,34,39,41,48
3566,12,13,28,30,37,55
3567,16,19,20,25,26,39
3568,4,11,16,18,19,25
3569,14,26,29,30,38,53
3570,3,11,24,54,55,56
3571,5,15,20,28,29,31
3572,2,3,5,24,43,53
3573,27,33,34,36,47,54
3574,3,9,15,36,38,55
3575,7,9,10,19,43,56
3576,4,8,24,32,45,46
3577,8,13,14,23,38,56
3578,15,25,31,32,35,55
3579,2,19,33,38,41,52
3580,1,3,15,23,34,44
3581,4,13,19,22,31,49
3582,4,21,22,30,34,36
3583,13,22,28,32,46,56
3584,1,4,16,19,37,53
3585,6,10,12,37,52,54
3586,1,24,25,32,33,49
3587,3,8,15,50,51,56
3588,12,18,19,21,26,44
3589,6,11,18,23,24,41
3590,19,22,33,38,47,55
3591,1,17,29,35,36,55
3592,1,4,5,20,44,47
3593,2,36,39,41,46,49
3594,12,15,19,24,32,33
3595,5,9,15,20,46,50
3596,5,7,31,38,39,54
3597,3,5,6,24,30,43
3598,12,19,33,41,53,56
3599,27,31,33,35,41,43
3600,26,29,39,43,46,54
3601,19,23,36,39,41,56
3602,5,20,32,41,52,55
3603,1,7,15,38,41,42
3604,7,16,26,28,41,53
3605,6,7,13,14,34,53
3606,3,8,9,11,28,47
3607,4,9,27,28,31,52
3608,5,24,38,44,46,53
3609,19,26,27,30,46,52
3610,5,12,17,29,37,53
3611,12,16,29,38,53,54
3612,8,9,17,30,43,56
3613,4,21,23,27,32,43
3614,17,29,37,41,51,56
3615,11,17,19,21,47,50
3616,5,30,35,38,45,56
3617,4,6,17,23,24,30
3618,25,26,35,41,44,55
3619,8,10,35,44,47,56
3620,4,14,20,22,40,53
3621,13,17,18,22,30,44
3622,18,27,33,43,50,56
3623,6,12,14,18,21,42
3624,11,22,29,46,53,55
3625,5,8,13,14,48,52
3626,15,30,31,38,41,48
3627,5,17,19,21,24,55
3628,14,17,18,27,44,47
3629,8,10,19,26,44,46
3630,19,25,37,47,51,52
3631,4,27,28,33,38,39
3632,29,37,46,48,49,54
3633,11,19,20,26,34,38
3634,8,27,37,40,49,51
3635,14,34,40,49,50,55
3636,6,11,27,35,38,44
3637,19,27,36,37,52,56
3638,7,19,29,36,41,44
3639,13,19,27,31,45,47
3640,16,27,33,35,38,53
3641,7,25,26,35,38,48
3642,2,18,19,43,48,55
3643,5,7,8,15,24,28
3644,12,27,33,41,43,44
3645,5,11,15,17,30,48
3646,5,7,8,25,42,55
3647,9,11,20,26,35,46
3648,7,23,34,41,53,56
3649,7,42,44,51,52,53
3650,6,8,23,32,39,49
3651,11,14,22,23,43,54
3652,2,7,13,22,37,42
3653,5,29,35,37,45,48
3654,7,14,29,37,39,50
3655,4,10,16,36,44,52
3656,13,24,30,32,49,52
3657,21,28,35,41,42,51
3658,2,18,36,41,46,53
3659,5,7,25,29,42,46
3660,8,23,29,30,31,55
3661,16,18,24,27,28,46
3662,13,15,24,42,52,56
3663,4,17,23,28,30,31
3664,2,9,26,30,49,52
3665,13,15,22,25,49,55
3666,9,17,25,30,31,35
3667,1,11,14,31,37,45
3668,10,15,20,22,30,50
3669,4,11,15,22,32,46
3670,3,7,19,25,30,46
3671,9,11,14,17,19,23
3672,10,16,23,26,27,32
3673,3,20,36,37,47,56
3674,1,5,20,23,51,53
3675,6,39,41,49,52,54
3676,2,19,21,34,37,56
3677,8,12,26,38,44,54
3678,18,25,32,42,48,51
3679,1,9,15,19,39,40
3680,5,7,18,26,28,33
3681,15,23,31,38,42,51
3682,10,17,20,32,35,38
3683,9,10,21,47,49,54
3684,8,17,33,41,44,51
3685,3,7,27,31,36,38
3686,1,13,24,40,44,52
3687,23,33,39,41,43,44
3688,4,19,22,37,43,56
3689,20,30,31,41,54,56
3690,3,5,31,32,42,54
3691,1,8,12,31,32,46
3692,2,5,32,41,47,52
3693,17,18,19,30,35,38
3694,4,19,22,31,34,56
3695,20,34,41,45,48,53
3696,10,12,13,25,49,56
3697,1,4,23,29,44,46
3698,7,8,9,10,20,45
3699,9,10,12,44,50,54
3700,14,18,37,48,49,55
3701,1,17,37,38,43,50
3702,2,23,25,28,32,54
3703,21,29,31,34,35,49
3704,4,11,29,44,46,56
3705,8,13,22,24,53,55
3706,1,3,16,21,30,55
3707,2,3,6,12,15,18
3708,3,9,10,11,48,52
3709,5,9,11,21,36,45
3710,6,23,30,33,36,38
3711,3,5,11,22,47,54
3712,2,5,20,48,55,56
3713,9,15,19,21,42,55
3714,22,29,36,41,45,51
3715,7,13,30,36,43,56
3716,2,10,33,51,53,55
3717,6,9,12,23,32,51
3718,2,12,20,24,39,54
3719,5,21,26,32,39,41
3720,6,31,36,45,53,54
3721,8,22,29,38,45,55
3722,17,23,29,32,37,40
3723,11,18,27,41,46,53
3724,3,8,26,29,30,51
3725,2,24,25,32,50,53
3726,2,6,8,21,25,53
3727,6,14,19,34,46,55
3728,9,14,21,27,28,46
3729,15,17,29,48,52,53
3730,17,19,28,30,51,55
3731,1,10,13,20,23,51
3732,4,7,35,41,49,52
3733,10,11,16,19,37,56
3734,5,13,21,25,32,39
3735,2,3,5,11,19,22
3736,10,11,21,30,51,54
3737,8,40,44,50,51,54
3738,19,22,23,25,27,41
3739,5,24,25,28,39,56
3740,4,8,10,38,44,52
3741,15,19,22,38,48,53
3742,4,10,30,31,36,53
3743,2,14,45,52,54,55
3744,2,4,14,31,37,47
3745,8,10,16,19,34,53
3746,3,40,43,44,48,49
3747,4,31,34,36,42,50
3748,6,9,12,18,23,30
3749,9,20,33,39,43,45
3750,3,17,19,27,34,42
3751,14,21,23,26,49,54
3752,8,13,18,19,37,56
3753,2,4,26,35,44,48
3754,28,38,44,45,51,55
3755,8,16,20,27,39,50
3756,1,10,13,20,24,52
3757,10,20,27,36,37,50
3758,6,9,10,14,18,21
3759,3,18,28,29,45,51
3760,16,31,35,49,54,56
3761,1,11,14,20,40,53
3762,6,13,28,29,42,43
3763,6,15,21,24,31,44
3764,9,10,16,26,31,39
3765,1,4,7,32,47,49
3766,8,13,21,38,41,45
3767,27,32,35,37,38,46
3768,3,9,25,27,31,49
3769,3,31,40,43,52,56
3770,5,9,15,19,31,56
3771,1,7,8,45,47,53
3772,1,7,16,46,51,56
3773,16,20,41,43,46,47
3774,4,29,34,35,39,44
3775,1,15,18,20,32,37
3776,12,24,31,35,36,42
3777,8,10,20,27,30,39
3778,6,13,24,26,27,51
3779,13,25,35,38,42,50
3780,9,14,16,23,27,33
3781,6,13,29,35,37,40
3782,6,16,21,24,31,39
3783,14,15,17,23,43,45
3784,3,5,11,39,43,50
3785,2,6,25,42,44,51
3786,6,12,19,21,30,46
3787,33,39,51,53,55,56
3788,11,24,30,35,44,48
3789,30,39,46,52,53,54
3790,3,18,22,27,39,47
3791,7,11,34,37,39,51
3792,7,21,27,48,52,56
3793,2,19,41,45,46,49
3794,5,15,37,38,41,43
3795,4,26,33,40,46,55
3796,11,17,39,40,49,54
3797,2,22,23,27,28,45
3798,5,22,24,26,52,53
3799,34,45,49,50,51,53
3800,4,10,12,19,24,45
3801,2,5,33,38,48,51
3802,4,6,9,23,32,38
3803,13,19,23,24,32,51
3804,1,14,26,27,29,34
3805,1,6,13,18,45,51
3806,3,7,9,25,35,47
3807,23,29,34,35,51,54
3808,3,40,44,45,53,56
3809,12,24,27,38,42,48
3810,1,6,22,28,35,50
3811,2,9,20,36,47,52
3812,13,14,16,29,36,47
3813,13,19,38,41,47,51
3814,16,17,40,45,46,56
3815,1,24,37,40,42,52
3816,11,19,21,31,50,53
3817,10,27,33,41,42,53
3818,10,11,15,24,42,45
3819,11,13,20,31,35,49
3820,4,36,37,41,42,43
3821,20,24,33,45,47,51
3822,8,14,22,27,41,47
3823,13,14,15,44,46,49
3824,2,3,20,24,29,34
3825,6,25,28,30,37,46
3826,25,27,34,43,53,54
3827,15,16,38,40,41,54
3828,5,18,19,24,25,33
3829,3,10,21,35,39,54
3830,17,29,31,47,48,53
3831,4,10,19,29,43,53
3832,6,11,13,16,44,46
3833,15,17,19,28,48,52
3834,1,14,17,18,19,53
3835,12,20,25,30,34,38
3836,16,19,25,43,48,56
3837,3,16,24,40,46,54
3838,5,15,38,39,46,49
3839,4,19,22,36,40,55
3840,9,14,21,22,23,32
3841,24,28,32,35,37,52
3842,2,9,10,13,22,48
3843,10,11,17,39,54,55
3844,3,13,26,39,45,55
3845,6,11,22,30,34,44
3846,6,16,18,31,38,47
3847,5,10,47,50,51,55
3848,24,27,32,48,54,55
3849,19,21,34,40,51,55
3850,4,16,17,35,48,56
3851,1,8,22,26,47,54
3852,18,26,28,31,41,43
3853,3,8,23,26,53,54
3854,3,12,14,45,51,52
3855,2,3,18,20,22,27
3856,23,29,30,36,44,46
3857,5,30,43,44,46,49
3858,4,20,30,35,55,56
3859,9,13,50,51,53,54
3860,28,29,35,39,40,49
3861,3,16,20,26,45,52
3862,3,14,27,46,48,53
3863,2,17,44,47,49,50
3864,5,18,35,38,40,56
3865,1,23,31,38,44,48
3866,15,20,27,28,32,38
3867,2,4,8,25,41,52
3868,2,11,45,52,53,54
3869,8,10,11,19,25,38
3870,20,25,27,29,34,39
3871,6,12,24,27,36,50
3872,12,22,25,35,43,50
3873,1,28,37,41,47,50
3874,13,30,32,33,36,47
3875,8,20,32,37,49,56
3876,3,6,34,49,50,54
3877,4,7,14,20,39,48
3878,6,7,12,30,31,50
3879,1,4,18,21,39,47
3880,11,13,22,29,44,45
3881,6,11,16,32,40,41
3882,4,13,14,31,36,40
3883,7,18,19,25,36,47
3884,13,15,18,22,46,53
3885,8,21,25,34,37,47
3886,8,14,24,46,48,49
3887,9,10,21,33,40,43
3888,4,11,17,32,35,39
3889,6,13,15,18,43,45
3890,1,12,27,30,40,44
3891,7,21,23,47,49,51
3892,4,22,33,45,50,51
3893,10,38,42,43,44,50
3894,12,15,19,36,47,49
3895,7,9,10,20,34,52
3896,4,9,10,16,24,40
3897,7,9,13,18,29,38
3898,17,22,40,41,43,55
3899,3,24,33,34,42,49
3900,1,10,14,20,27,44
3901,5,8,9,25,34,50
3902,2,3,29,36,52,53
3903,14,24,27,31,37,41
3904,8,16,27,41,51,54
3905,3,4,22,27,36,40
3906,10,11,12,21,45,52
3907,6,7,12,33,34,55
3908,16,20,30,34,36,43
3909,19,25,27,48,49,50
3910,1,5,18,24,45,48
3911,7,17,23,37,39,55
3912,3,7,12,37,40,55
3913,9,20,36,44,51,53
3914,1,10,16,23,32,53
3915,13,20,39,42,45,49
3916,8,15,26,29,37,54
3917,5,7,14,20,42,55
3918,1,30,32,43,50,56
3919,15,22,43,45,49,50
3920,11,13,17,25,42,43
3921,20,27,37,40,49,53
3922,8,10,15,20,43,53
3923,13,17,18,22,31,56
3924,5,15,25,41,44,51
3925,8,9,22,35,46,48
3926,3,14,28,41,50,51
3927,6,19,31,36,38,56
3928,6,27,38,42,48,52
3929,4,18,24,25,43,45
3930,6,19,36,39,49,54
3931,3,10,13,26,32,53
3932,6,19,28,29,34,44
3933,7,13,21,26,41,48
3934,14,30,31,36,40,48
3935,16,22,25,32,48,56
3936,1,10,11,32,50,55
3937,31,32,37,44,47,49
3938,2,10,13,18,28,32
3939,1,2,4,32,36,52
3940,28,36,37,40,42,55
3941,1,7,10,14,27,51
3942,3,11,19,31,42,45
3943,9,26,34,42,49,55
3944,8,11,15,39,43,49
3945,1,12,37,42,43,54
3946,2,4,13,24,31,55
3947,1,4,11,16,32,39
3948,1,3,18,41,47,51
3949,10,27,42,48,54,55
3950,1,12,15,16,39,48
3951,24,26,29,43,47,54
3952,14,24,34,40,46,55
3953,5,9,29,33,35,53
3954,1,6,20,22,27,48
3955,1,5,15,26,28,30
3956,1,5,26,32,40,48
3957,16,22,40,42,44,56
3958,23,25,27,46,52,53
3959,4,6,14,29,47,48
3960,18,29,34,45,48,55
3961,2,4,5,13,19,36
3962,8,12,23,34,37,53
3963,6,9,31,40,44,52
3964,12,26,30,41,53,56
3965,15,16,32,39,41,56
3966,1,4,5,30,44,52
3967,2,7,27,33,35,56
3968,9,10,21,47,53,55
3969,6,8,22,24,31,51
3970,9,10,24,27,49,54
3971,23,30,31,34,48,55
3972,12,24,28,40,47,55
3973,6,19,27,38,44,48
3974,10,20,21,23,31,48
3975,4,12,18,21,29,33
3976,9,24,26,32,34,41
3977,2,17,27,34,51,55
3978,3,16,26,32,47,52
3979,11,14,16,38,54,56
3980,2,17,32,38,46,51
3981,9,13,32,34,41,45
3982,3,6,31,37,38,42
3983,5,7,17,29,32,38
3984,8,21,34,37,51,54
3985,6,7,9,24,30,55
3986,6,18,26,29,31,33
3987,5,11,17,36,47,51
3988,3,5,33,34,35,51
3989,6,14,20,21,32,45
3990,4,6,19,39,41,45
3991,2,3,18,19,48,51
3992,8,9,33,34,44,53
3993,2,3,34,38,40,48
3994,9,23,31,34,42,48
3995,14,23,25,39,41,49
3996,1,25,29,39,44,52
3997,21,27,33,35,45,48
3998,3,8,21,22,29,37
3999,8,16,26,35,39,56
4000,2,5,16,39,41,50
4001,3,23,31,39,45,53
4002,5,8,30,31,35,41
4003,8,20,27,28,31,37
4004,5,7,16,17,22,54
4005,3,8,13,22,25,51
4006,2,8,21,23,30,54
4007,15,16,19,27,39,45
4008,6,25,26,30,44,49
4009,8,12,19,21,44,53
4010,3,18,19,32,37,43
4011,1,11,12,34,39,52
4012,10,14,23,26,45,55
4013,2,4,9,17,30,42
4014,7,28,30,33,39,44
4015,3,5,17,19,31,48
4016,6,10,20,24,31,37
4017,1,3,15,27,41,53
4018,5,8,12,29,55,56
4019,2,11,26,28,33,54
4020,11,27,32,33,54,55
4021,9,11,31,42,44,48
4022,7,34,46,48,49,55
4023,23,25,28,32,35,43
4024,4,12,13,15,16,41
4025,21,27,36,43,53,54
4026,17,22,24,28,41,43
4027,2,3,12,16,28,31
4028,2,11,26,36,39,56
4029,1,4,19,25,45,47
4030,7,13,18,34,40,46
4031,13,18,25,28,30,33
4032,7,12,23,26,40,53
4033,3,18,19,28,35,56
4034,1,2,17,33,41,52
4035,8,20,29,30,33,45
4036,2,7,27,31,37,51
4037,16,23,25,26,34,56
4038,17,22,35,41,45,48
4039,4,8,35,37,45,49
4040,6,16,22,35,41,45
4041,6,22,40,51,55,56
4042,7,12,14,17,24,42
4043,5,6,29,30,32,55
4044,16,22,24,35,47,48
4045,16,24,30,44,53,55
4046,11,13,32,35,47,48
4047,14,24,29,31,50,53
4048,10,16,21,28,48,49
4049,11,26,30,35,43,48
4050,5,15,18,43,53,54
4051,4,7,21,28,46,50
4052,8,11,14,42,49,55
4053,9,15,16,27,36,40
4054,27,32,40,46,50,51
4055,3,18,23,24,37,50
4056,3,17,26,30,47,52
4057,1,5,22,32,33,45
4058,17,23,33,34,45,46
4059,15,18,28,35,36,48
4060,10,17,18,28,29,34
4061,15,16,39,40,49,53
4062,3,10,16,24,28,55
4063,4,7,11,27,34,54
4064,1,16,17,48,54,55
4065,2,4,8,12,34,39
4066,16,24,25,33,46,47
4067,10,13,15,27,37,51
4068,30,33,37,44,45,54
4069,5,6,12,30,37,41
4070,22,34,36,41,52,54
4071,6,7,12,35,36,43
4072,1,23,24,27,32,49
4073,9,18,21,22,26,44
4074,3,15,25,26,30,31
4075,22,31,32,36,47,55
4076,7,18,23,31,44,50
4077,5,12,32,33,43,55
4078,7,11,12,35,49,53
4079,6,12,13,17,29,52
4080,1,4,8,23,35,51
4081,5,19,29,35,37,40
4082,5,9,11,34,46,47
4083,3,15,22,27,29,33
4084,13,23,40,45,47,55
4085,5,18,23,38,49,52
4086,13,15,28,29,42,52
4087,3,20,27,28,30,48
4088,5,7,12,45,47,48
4089,4,19,39,40,41,48
4090,13,18,24,29,30,52
4091,10,17,19,33,46,56
4092,8,9,15,23,41,52
4093,2,25,28,36,42,56
4094,2,5,17,26,27,50
4095,2,10,23,33,45,47
4096,4,21,40,47,51,55
4097,2,7,12,18,46,53
4098,5,9,18,39,48,56
4099,2,9,38,49,50,51
4100,5,17,27,46,53,56
4101,5,34,36,46,49,50
4102,3,11,23,37,40,56
4103,18,30,34,35,51,54
4104,6,10,17,18,28,50
4105,9,19,27,36,41,50
4106,5,7,11,49,53,54
4107,1,9,18,42,47,48
4108,2,4,6,14,28,40
4109,21,28,36,37,40,56
4110,2,5,21,25,31,52
4111,5,6,20,33,44,46
4112,5,13,20,48,49,50
4113,12,15,17,24,41,55
4114,2,42,44,46,47,50
4115,1,21,30,32,37,47
4116,2,19,30,31,39,54
4117,9,19,21,26,40,50
4118,11,31,38,39,45,48
4119,10,12,18,40,46,49
4120,5,23,38,50,51,55
4121,12,14,45,49,50,52
4122,13,17,35,46,48,51
4123,1,5,7,11,39,43
4124,1,10,20,33,43,49
4125,27,34,38,43,50,54
4126,6,16,17,22,26,37
4127,3,7,11,19,35,56
4128,3,8,36,47,48,50
4129,25,26,43,45,49,54
4130,3,11,13,42,44,56
4131,4,7,13,16,27,35
4132,5,17,18,36,39,54
4133,2,29,30,44,46,50
4134,1,22,24,37,47,55
4135,6,19,27,47,51,55
4136,18,22,27,29,30,50
4137,10,25,33,38,39,43
4138,4,5,26,31,33,44
4139,9,11,25,42,45,47
4140,10,16,34,38,39,55
4141,22,29,34,41,44,52
4142,18,24,34,38,39,46
4143,19,23,34,36,37,46
4144,7,20,33,37,45,51
4145,17,21,28,29,32,39
4146,4,5,10,11,41,50
4147,11,18,26,27,28,29
4148,8,25,29,31,37,39
4149,16,22,24,38,50,52
4150,2,8,12,24,27,34
4151,20,35,47,51,52,56
4152,6,13,28,44,48,50
4153,12,39,47,54,55,56
4154,8,16,40,41,42,52
4155,3,4,8,26,31,37
4156,11,20,35,42,47,54
4157,1,11,35,40,44,47
4158,16,18,30,38,43,49
4159,6,24,39,43,47,53
4160,3,20,25,30,31,44
4161,12,27,33,45,48,52
4162,8,18,26,29,35,56
4163,7,8,20,21,37,40
4164,7,14,16,26,29,46
4165,15,17,21,22,33,48
4166,3,8,10,14,32,50
4167,3,18,34,36,41,48
4168,1,12,36,37,50,54
4169,15,24,35,38,46,51
4170,23,28,35,47,52,54
4171,4,5,7,14,15,55
4172,8,11,34,38,44,54
4173,12,26,32,40,51,54
4174,5,11,12,13,29,44
4175,14,32,35,46,50,51
4176,5,8,10,29,54,56
4177,1,6,15,24,36,44
4178,4,8,19,30,44,49
4179,6,15,26,35,50,53
4180,13,14,18,21,37,40
4181,7,15,23,36,43,46
4182,2,9,17,18,47,51
4183,4,20,22,27,31,48
4184,9,15,43,44,45,47
4185,2,17,20,34,40,43
4186,4,7,23,34,37,55
4187,4,5,19,50,52,53
4188,2,29,31,43,45,52
4189,13,15,16,18,28,40
4190,15,19,25,33,52,54
4191,5,9,23,25,35,45
4192,7,16,27,29,34,37
4193,4,34,35,39,51,56
4194,8,13,15,25,35,42
4195,1,16,18,21,24,50
4196,13,23,26,39,41,44
4197,15,27,41,43,46,53
4198,9,12,19,26,36,49
4199,11,34,38,47,48,52
4200,7,15,17,22,45,51
4201,23,42,48,49,50,53
4202,6,15,17,23,27,51
4203,11,13,16,24,32,41
4204,4,15,29,43,44,46
4205,6,20,39,41,42,48
4206,4,18,24,27,45,53
4207,11,30,33,35,46,48
4208,6,7,26,27,30,40
4209,2,8,20,26,38,54
4210,1,32,41,45,55,56
4211,7,16,18,20,27,42
4212,9,15,22,27,47,49
4213,7,29,39,43,47,49
4214,16,19,25,29,45,50
4215,3,5,19,39,47,54
4216,7,15,18,22,32,45
4217,3,23,24,27,52,54
